Código do Arquétipo;Composição de Zonas;Zona Predominante;Chave de Correspondência;R;Y;B;Nome Técnico;Nome Simbólico;Parágrafo Diagnóstico (Técnico);Parágrafo Reflexivo (Simbólico);Mensagem-Chave;Gatilho Tátil;Gatilho Olfato;Gatilho Audição;Gatilho Visão;Gatilho Paladar
A001;10?? – 2?? – 0??;??;R10Y2B0;10;2;0;Perfil de Desregulação Emocional Crítica;O Coração Estilhaçado;Este perfil representa indivíduos em estado de desregulação emocional intensa. Há forte predominância de padrões de autossabotagem, impulsividade e reatividade relacional. Relações são marcadas por instabilidade e dificuldade de contenção. Indica risco elevado de ciclos repetitivos de sofrimento.;A alma deste arquétipo parece carregar os cacos de tantas guerras não resolvidas. Cada gesto é uma tentativa de proteção, cada silêncio é um grito sufocado. Mas até os corações estilhaçados podem encontrar um novo ritmo no abraço da rendição.;Seu recomeço começa onde você para de se ferir.;Autotoque nos ombros com respiração consciente;Lavanda ou camomila (calmante);Música ambiente com sons da natureza à noite;Tons escuros azul e violeta suave;Infusão morna de camomila com mel
A002;8?? – 3?? – 1??;??;R8Y3B1;8;3;1;Perfil de Vulnerabilidade Emocional Latente;O Guardião Ferido;Perfil marcado por traços emocionais instáveis, onde o medo de falhar ou ser rejeitado domina as atitudes e decisões. A presença de zonas de transição indica desejo de mudança, mas há apego ao padrão de defesa e evitação do afeto pleno.;Há em você um guardião exausto, que defende com ferocidade as ruínas do que já não lhe serve. Seu escudo se tornou prisão, e sua coragem foi moldada na dor. Mas há em seu peito um novo caminho chamando pela paz.;Coragem não é resistir — é permitir a cura.;Toque leve sobre o coração com respiração lenta;Cedro (segurança interior);Violoncelo ou instrumentos graves e suaves;Imagens de raízes e árvores antigas;Chá de mulungu ou folha doce calmante
A003;7?? – 5?? – 0??;??;R7Y5B0;7;5;0;Perfil de Conflito Interno Ativo;O Andarilho da Tempestade;Representa indivíduos em constante tensão interna. Os desejos de transformação convivem com pulsões destrutivas ou sabotadoras. Há intensidade emocional, mas sem direcionamento claro, o que gera desgaste e frustração.;Você caminha entre relâmpagos emocionais e o desejo de ver o céu azul. A alma sente — e sente muito. Mas mesmo na tempestade há bússolas. E toda dor que se reconhece pode se tornar ponte.;Reconhecer a confusão já é um tipo de ordem.;Banho morno com toque circular no abdômen;Manjerona (pacificação interna);Sons de chuva e trovão ritmado;Céu cinzento rompido por faixas de luz;Chocolate amargo com pausa meditativa
A004;6?? – 4?? – 2??;??;R6Y4B2;6;4;2;Perfil de Reatividade Emocional Intermitente;O Guerreiro em Trégua;Indica uma alma que alterna entre enfrentamento emocional e tentativa de restauração. As zonas de transição mostram potencial de cura ainda em desenvolvimento, mas as cicatrizes antigas ditam o ritmo da entrega.;Você aprendeu a guerrear antes de aprender a se acolher. Suas espadas agora estão embainhadas, mas o corpo ainda guarda os reflexos. Está tudo bem descansar. A luta também termina em silêncio.;Você não precisa se defender o tempo todo.;Autoabraço com pressão firme e longa;Bálsamo ou breu-branco (cura ancestral);Mantras lentos ou canto gregoriano;Imagem de montanha ao entardecer;Raiz de gengibre suave ou cúrcuma com leite
A005;5?? – 5?? – 2??;??;R5Y5B2;5;5;2;Perfil de Reestruturação Emocional Ativa;O Reequilibrador;Indivíduo em processo ativo de reorganização emocional. A zona de transição prevalece, mostrando movimentação interna, ressignificação de padrões antigos e construção gradual de estabilidade. Ainda há conflitos, mas a consciência cresce.;Você é como o rio que aprendeu a lidar com as pedras sem parar de fluir. A alma está aprendendo a se mover com menos luta e mais escuta. Cada passo incerto é também um passo mais livre.;Transição não é fraqueza — é construção em movimento.;Toque alternado nas têmporas com os olhos fechados;Alecrim (clareza e foco);Som de ondas suaves + piano leve;Texturas orgânicas e madeira clara;Maçã ou pera em temperatura ambiente
A006;3?? – 7?? – 2??;??;R3Y7B2;3;7;2;Perfil de Maturação Emocional Emergente;O Coração em Germinação;Perfil emocional de crescimento. Predominância de zona de transição com forte impulso à evolução. O indivíduo se percebe em um ciclo de desconstrução de velhos hábitos e experimentação de novos modos de sentir e agir.;Sua alma começa a brotar. Ainda há a lembrança das tempestades, mas as raízes se firmam. Cada dúvida que dói hoje será adubo para o seu florescer de amanhã.;O que ainda é pequeno está apenas criando força para durar.;Toque com as pontas dos dedos no solo ou parede;Erva-doce ou flor de laranjeira;Cantos de pássaros ao amanhecer;Imagem de botão de flor prestes a abrir;Frutas frescas ou brotos suaves
A007;1?? – 9?? – 2??;??;R1Y9B2;1;9;2;Perfil de Consciência Emocional em Transição Elevada;O Viajante do Limiar;Este arquétipo representa alguém prestes a atravessar um portal emocional profundo. O passado degradante foi quase completamente superado, e a alma encontra-se agora em maturação. A transformação está em curso e depende de pequenos ajustes de crença e prática.;Você está diante da soleira de si mesmo. Já não se contenta com o que lhe feriu, e deseja o que cura. O medo tenta prender seus pés, mas sua alma já está voando antes mesmo do corpo decidir saltar.;Você já não cabe na versão antiga de si mesmo.;Mãos espalmadas sobre o peito e abdômen alternadamente;Jasmim ou verbena;Sons de portais (tigelas, sinos, harpas);Caminhos estreitos com luz ao fundo;Uvas ou melão com atenção ao frescor
A008;4?? – 3?? – 5??;??;R4Y3B5;4;3;5;Perfil de Resiliência com Expansão Virtuosa;O Semeador Silencioso;Este perfil representa um equilíbrio emocional consolidado. Há domínio sobre os gatilhos, clareza de valores e capacidade de regeneração emocional. As zonas sombrias ainda existem, mas são administradas com sabedoria prática.;Você cultiva silêncio e colhe presença. Seu tempo de plantar superou a pressa de colher. O que você oferece ao mundo agora não é mais reação — é semente escolhida com consciência.;Você não precisa provar nada quando já está inteiro.;Toque consciente em folhas ou sementes vivas;Capim-limão ou pinho suave;Som de campo com brisa e vida leve;Terreno fértil e mãos que cuidam;Sementes mastigadas com lentidão
A009;2?? – 2?? – 8??;??;R2Y2B8;2;2;8;Perfil de Coerência Emocional em Alta Expressão;O Pacificador Interno;Este perfil demonstra domínio emocional elevado. Os conflitos internos são abordados com compaixão, e há uma integração real entre mente, corpo e espírito. Há influência positiva no ambiente, capacidade de escuta e liderança compassiva.;Sua alma é um rio calmo que nutre as margens. Você não busca vencer as batalhas dos outros, mas silenciar as guerras internas. Onde você chega, a tensão se curva e o espaço respira.;Você é paz antes de falar em paz.;Autoimposição de mãos sobre o centro do peito;Sândalo ou mirra em baixa concentração;Silêncio com respiração — ou sopro leve constante;Águas tranquilas e campos vastos;Água com gotas de limão ou pepino
A010;1?? – 1?? – 10??;??;R1Y1B10;1;1;10;Perfil de Consagração Emocional com Plenitude Interior;O Guardião da Harmonia;Indivíduo com profunda estabilidade interna, sabedoria emocional aplicada e compromisso com o bem maior. Este perfil é raro, e representa alguém que já transcendeu as reações impulsivas, conduzindo a própria vida com firmeza e doçura.;Sua alma não apenas encontrou paz — ela se tornou paz. Seu silêncio não pesa, sua presença não se impõe. Você é ponte entre o caos e a luz, e isso é algo que ninguém pode tirar de você.;Você se tornou o lugar onde os outros gostariam de morar.;Toque gentil no rosto com olhos fechados;Olíbano ou flor branca fresca;Silêncio sagrado com intenção;Ambientes minimalistas, naturais e limpos;Água pura em jejum com intenção
A011;0?? – 2?? – 10??;??;R0Y2B10;0;2;10;Perfil de Pureza Emocional em Harmonia Total;O Espelho da Alma Clara;Alguém em elevado estado vibracional, que vive com integridade emocional em todos os aspectos. Este perfil representa quem já ressignificou sua dor, acolheu a sombra e agora atua como referência natural de luz e consciência.;Você é espelho, mas não reflete — revela. Onde passa, outros se reconhecem ou se transformam. Sua luz não é ruído, é verdade. E onde há verdade, há cura silenciosa.;Você se tornou a resposta que antes buscava em outros.;Contato com cristal liso ou superfícies espelhadas;Flor de lótus ou neroli;Voz interior guiada pela respiração;Imagens de olhos serenos ou reflexos naturais;Frutas aquosas com atenção plena
A012;0?? – 0?? – 12??;??;R0Y0B12;0;0;12;Perfil de Elevação Plena e Alinhamento Espiritual;O Portador da Luz Silenciosa;Raríssimo estado de equilíbrio absoluto, com emoções, comportamentos e pensamentos operando em harmonia com um princípio superior. Este arquétipo representa o nível máximo de expressão consciente dos frutos do espírito.;Você é como a brisa que não se vê, mas muda tudo por onde passa. Sua alma é templo, presença e farol. Você não precisa de palco, pois sua vibração fala onde o ego se cala.;Você não busca luz — você se tornou luz.;Toque com as costas das mãos sobre o colo com olhos fechados;Nada — apenas ar puro;Silêncio absoluto ou som do próprio pulso;Luz natural com olhos semicerrados;Jejum simbólico com respiração consciente
A013;11??–1??–0??;??;R11Y1B0;11;1;0;Perfil de Saturação Emocional Extrema;O Espectro da Dor;Estado de colapso emocional prolongado. Indivíduo apresenta esgotamento afetivo e cognitivo, dificuldade de autocontenção e alta exposição a padrões autodestrutivos. Indica necessidade urgente de intervenção consciente.;Você carrega o peso de mil batalhas travadas dentro do peito. A dor deixou de ser visitante e se tornou morada. Mas até no abismo há uma centelha esperando por um sopro de luz. Você não está sozinho.;Quando tudo escurece, até a menor luz é uma revolução.;Massagem lenta nas têmporas;Resina de mirra;Tons graves em escala lenta;Ambientes escuros com ponto de luz suave;Infusão quente de ervas amargas
A014;9??–2??–1??;??;R9Y2B1;9;2;1;Perfil de Reatividade Traumática Condensada;A Chama que Luta;Este perfil revela alguém cuja reatividade é resultado de feridas profundas e não cicatrizadas. O campo emocional é hipersensível, levando a respostas impulsivas em contextos de pressão afetiva ou rejeição percebida.;Você é como uma brasa escondida sob a superfície: parece fria, mas guarda calor intenso. Sua dor aprendeu a se camuflar, mas ainda grita por reconhecimento silencioso.;Nem toda resposta precisa ser um reflexo. Algumas merecem pausa.;Toque circular no centro da palma com o polegar oposto;Lavanda e manjericão combinados;Sons de taiko suaves ou tambores tribais;Formas circulares que evocam retorno ao centro;Infusão de camomila com anis-estrelado
A015;7??–4??–1??;??;R7Y4B1;7;4;1;Perfil de Desalinhamento Emocional Crônico;O Esquecido de Si;Este arquétipo expressa desalinhamento crônico entre emoção e ação. A pessoa sente uma coisa, pensa outra e reage de uma terceira forma, gerando conflitos internos e externos constantes.;Você caminha com o corpo para um lado e a alma para outro. Já não se reconhece na forma como age — e isso é um chamado. Você está em busca da própria coerência.;Recolher-se é parte do caminho para reencontrar-se.;Autotoque cruzado nos ombros com respiração profunda;Hortelã-pimenta para abrir clareza;Sons de água correndo lentamente;Espelhos desfocados ou mosaicos quebrados;Água com gotas de limão e alecrim
A016;6??–5??–1??;??;R6Y5B1;6;5;1;Perfil de Oscilação Afetiva Moderada;O Espelho Partido;Oscilação emocional com momentos de lucidez afetiva. O indivíduo reconhece seus padrões, mas ainda não internalizou estratégias sólidas de autocontenção e autocuidado.;Você é o espelho que já foi partido, mas está em processo de colagem. Cada rachadura conta uma história, e cada caco restaurado se torna parte da nova beleza.;A instabilidade não te define — ela apenas revela onde ainda há trabalho.;Dedos pressionando a testa e soltando em ritmo de respiração;Capim-limão e lavanda em vapor leve;Piano suave com sons espaciais;Imagens de vidro rachado sendo restaurado;Gengibre com mel em infusão morna
A017;5??–6??–1??;??;R5Y6B1;5;6;1;Perfil de Autodefesa Intermitente;O Guardião das Margens;Indivíduo que ativa defesas emocionais pontuais em contextos de proximidade. Apresenta momentos de abertura e fechamento abruptos, com padrões de autoquestionamento recorrente.;Você se aproxima como quem teme ser tocado. Há em você um desejo de confiar, mas a lembrança da dor ainda se interpõe. Respire fundo, pois a cura caminha com passos pequenos.;Nem sempre é fuga — às vezes é só proteção antiga.;Toque intermitente nos braços, simulando pulsos;Alecrim com lavanda;Notas espaçadas de cordas suaves;Imagem de janelas entreabertas;Chá de folhas secas e mel
A018;4??–7??–1??;??;R4Y7B1;4;7;1;Perfil de Conflito Interno com Desejo de Mudança;A Semente na Fissura;O perfil aponta para alguém que tenta romper padrões, mas mantém resistências internas. A evolução emocional ocorre em ciclos, muitas vezes boicotada por crenças inconscientes.;Você está entre a porta e a maçaneta. Quer ir, mas algo em você ainda deseja permanecer. Não se culpe pela hesitação: todo passo real vem após um tropeço interno.;A dúvida é a margem do despertar.;Toque alternado nos pés descalços no chão;Erva-doce com casca de laranja;Som de ponteiros ou passos no assoalho;Imagem de portal ou beco iluminado;Tâmara ou figo seco
A019;2??–9??–1??;??;R2Y9B1;2;9;1;Perfil de Dissociação Emocional Estratégica;O Disfarce do Vazio;Este perfil representa um movimento interno de dissociação emocional estratégica. A pessoa preserva sua essência protegendo-a com camadas de racionalização e controle social.;Você aprendeu a esconder sua alma para sobreviver — e ela se acostumou com o escuro. Mas agora ela pede luz, não exposição. A verdade pode se revelar em silêncio também.;Não é necessário gritar para se mostrar.;Contato com tecido macio sob as mãos;Pinho e folhas verdes;Som de floresta ao amanhecer;Caminho sombreado com luz filtrada;Infusão de folha de pitanga
A020;1??–11??–0??;??;R1Y11B0;1;11;0;Perfil de Expectativa Emocional Compulsiva;O Buscador Incansável;Perfil com traços de ansiedade emocional cíclica. Há um impulso de resolver tudo ao mesmo tempo, resultando em sobrecarga e sensação de frustração recorrente.;Você carrega em si o desejo de fazer florescer tudo ao redor, mas esquece de regar suas próprias raízes. Há urgência em sua entrega, mas sua alma pede tempo.;Nem toda cura acontece no seu tempo — ela tem o dela.;Toque nas articulações com pressão leve e rotativa;Camomila e folha de louro;Mar calmo com sons de gaivotas ao fundo;Pôr do sol com nuvens lentas;Uva ou amora preta fresca
A021;6??–2??–4??;??;R6Y2B4;6;2;4;Perfil de Hiperadaptação Instável;O Camaleão Interno;Indivíduo com forte potencial de estabilização emocional. Mostra domínio de suas respostas afetivas com momentos pontuais de oscilação, geralmente ligadas a relações próximas.;Você é como a maré: constante, mas viva. Seu equilíbrio não vem da rigidez, mas da sabedoria de fluir. O que te ancora é a consciência do que é essencial.;Estabilidade é arte, não rigidez.;Toque com as palmas abertas sobre o abdômen;Sândalo suave;Instrumentos de corda grave em ritmo contínuo;Horizontes amplos e simétricos;Infusão de maçã seca com canela
A022;5??–3??–4??;??;R5Y3B4;5;3;4;Perfil de Carga Emocional Redistribuída;O Equilibrista da Alma;Este perfil demonstra flexibilidade emocional e adaptabilidade. Indivíduo tende a manter coerência em situações de instabilidade, com forte autocontenção e empatia.;Você se move com graça mesmo quando tudo ao redor parece ruir. Sua alma encontrou um jeito de dançar com as incertezas — e é nisso que habita sua beleza.;Equilíbrio não é perfeição — é presença sensível.;Massagem leve no pescoço com respiração profunda;Flor de laranjeira e lavanda;Sons de vento suave em folhas;Caminho de pedras em jardim;Pera ou maçã ao natural
A023;4??–4??–4??;??;R4Y4B4;4;4;4;Perfil de Regulação Inicial em Ambientes Tóxicos;A Ponte Ferida;Este perfil manifesta um equilíbrio emocional crescente. A pessoa desenvolve cada vez mais segurança interna e começa a influenciar positivamente o ambiente ao redor.;Você é como um farol em construção: já emite luz, mas continua sendo lapidado. Seu brilho é real mesmo quando não é visto.;Quem você está se tornando já começou a agir no mundo.;Mãos cruzadas sobre o coração com pressão sutil;Verbena e lírio branco;Vozes harmônicas femininas suaves;Reflexo da luz em superfícies naturais;Chá branco com frutas desidratadas
A024;3??–5??–4??;??;R3Y5B4;3;5;4;Perfil de Ambivalência com Núcleo de Estabilidade;A Âncora Flutuante;Indivíduo em processo de liberação de padrões emocionais antigos. Apresenta forte tendência à empatia e à escuta interna, mas ainda alterna com momentos de insegurança.;Você é o som da onda que se recolhe para depois voltar com mais força. Sua alma já não cabe em antigos limites — e ela sabe disso.;A dúvida é a oração da alma antes da entrega.;Toque intercalado entre ombros e nuca;Canela com rosa branca;Sons oceânicos rítmicos e graves;Maré baixa em pedras claras;Infusão de cravo e flor de hibisco
A025;2??–6??–4??;??;R2Y6B4;2;6;4;Perfil de Renovação Emocional Latente;A Cinza que Respira;Perfil com predominância de integração emocional. Pessoa que já vivenciou ciclos complexos e agora manifesta estabilidade com presença e escuta ativa.;Você se tornou aquilo que procurava: presença. E sua presença não exige nada — ela acolhe. Sua alma se tornou casa.;Ser é mais do que fazer: é sustentar silêncio com amor.;Toque simultâneo no peito e na testa;Sândalo com baunilha leve;Notas longas em violino solo;Imagens amplas com céu azul e horizonte;Damasco ou fruta doce em temperatura ambiente
A026;1??–7??–4??;??;R1Y7B4;1;7;4;Perfil de Alquimia Emocional em Curso;O Alquimista das Quedas;Indivíduo que atingiu grande estabilidade emocional e espiritual, mantendo coerência entre ação, pensamento e sentimento. Exerce influência positiva no meio em que vive.;Você é terra firme no meio da tormenta. Sua alma não impõe, mas conduz. Onde você está, há um tipo de silêncio que cura.;Você não precisa convencer — sua vibração já fala por você.;Toque firme nos pulsos com respiração longa;Mirra e cedro em baixa concentração;Notas sustentadas em instrumentos de sopro;Imagem de catedral vazia com luz;Água em jejum com intenção clara
A027;0??–8??–4??;??;R0Y8B4;0;8;4;Perfil de Convergência Interna Ativa;O Convergente Silencioso;Perfil de maturidade afetiva com traços de transcendência. A pessoa se destaca pela capacidade de transformar ambientes com sua escuta e presença.;Sua alma se tornou uma ponte entre o invisível e o presente. Você já não precisa ser notado — porque já se tornou essência.;A profundidade não faz barulho.;Toque com pontas dos dedos em forma de triângulo sobre o coração;Flor de lótus e alecrim;Campainhas ou sinos distantes;Geometria sagrada ou padrão mandálico;Infusão de hibisco com maçã seca
A028;5??–2??–5??;??;R5Y2B5;5;2;5;Perfil de Restauração com Resíduos Emocionais;A Cura com Cicatriz;Este perfil representa domínio emocional com abertura à espiritualidade. A pessoa manifesta valores sólidos e um senso de missão pessoal no mundo.;Você é resposta viva a uma pergunta que o mundo ainda não formulou. Sua caminhada é sagrada, mesmo quando silenciosa.;A sabedoria mora onde ninguém compete.;Toque nas têmporas com leve rotação;Sândalo com noz-moscada;Mantras tibetanos ou canto harmônico;Luz natural filtrada por folhas verdes;Frutas secas mastigadas com atenção
A029;4??–3??–5??;??;R4Y3B5;4;3;5;Perfil de Estabilidade Expandida;O Jardim Pós-Tempestade;Indivíduo com forte senso de transcendência emocional. Já não se prende a reações automáticas e conduz suas relações com equilíbrio, escuta e empatia.;Você é como o sopro que alivia sem perturbar. Sua alma aprendeu que não é sobre vencer, mas sobre servir com sentido.;Quando o amor é leve, ele também é firme.;Mãos unidas em forma de concha sobre o abdômen;Erva cidreira e flor de jasmim;Sons de harpa com intervalos longos;Imagem de mãos entrelaçadas em oração silenciosa;Infusão suave de camomila e maçã
A030;3??–4??–5??;??;R3Y4B5;3;4;5;Perfil de Coerência em Reconstrução Afetiva;O Reconstrutor Afetivo;Este perfil indica domínio da estabilidade emocional e clareza espiritual. A pessoa influencia positivamente com sua presença e vive com leveza em meio ao caos externo.;Você é o silêncio que abraça. Sua paz não depende do mundo, mas já transformou muitos sem precisar se impor.;Ser paz é mais profundo que falar sobre ela.;Contato com superfícies quentes e lisas;Flor de lavanda e ylang ylang;Som ambiente com harmonia de sinos e vento;Paisagem ampla e aberta sob o céu azul;Água com pétalas de rosa em infusão
A031;2??–5??–5??;??;R2Y5B5;2;5;5;Perfil de Evolução com Fragilidade Residual;O Crescente Instável;Perfil de integração completa entre emoção, razão e propósito. Indivíduo que não apenas conhece sua essência, mas vive a partir dela.;Você não fala — revela. Sua existência é semente, e sua história é jardim. Onde você pisa, há convite à transformação.;Você se tornou o reflexo daquilo que acreditou mesmo quando ninguém via.;Mãos sobre o rosto com gratidão;Flor branca e madeira doce;Canto coral suave;Imagens de caminhos floridos e abertos;Tisana de frutas com toque cítrico
A032;1??–6??–5??;??;R1Y6B5;1;6;5;Perfil de Reintegração Emocional em Expansão;O Teu Regresso ao Centro;Indivíduo em alto grau de harmonia emocional e presença compassiva. Sua influência é silenciosa, mas transformadora. Costuma ser referência em ambientes caóticos.;Você é como a brisa que não se impõe, mas muda o ar. Sua essência ensina sem palavras e consola sem prometer.;A verdadeira liderança não guia — ela acalma.;Toque nas costas com apoio da palma inteira;Cedro e lavanda combinados;Sons de fogo crepitando em ambiente tranquilo;Imagem de cabana ou abrigo em meio à natureza;Infusão morna de aveia com canela
A033;0??–7??–5??;??;R0Y7B5;0;7;5;Perfil de Integração Ascendente com Flutuações;O Mensageiro do Fio Tênue;Este arquétipo representa integração total dos centros de consciência: pensamento, emoção, corpo e espírito. A ação é conduzida por intenção pura.;Você é o silêncio que ora. A luz que não pede palco. Sua alma está onde o mundo se torna oração, e sua existência já não divide o que é sagrado do que é simples.;Você é a resposta quando não há mais pergunta.;Mãos em mudra de prece com olhos fechados;Olíbano e mirra em concentração leve;Silêncio profundo entre os sons;Imagens minimalistas em branco e dourado;Água pura ingerida com intenção
A034;2??–3??–7??;??;R2Y3B7;2;3;7;Perfil de Ressonância com Alta Capacidade de Autocontrole;A Fonte Interna Flexível;Pessoa cuja energia já transborda para além do próprio processo. Costuma atuar como agente de cura, mesmo sem ter esse como objetivo consciente.;Você se tornou um campo fértil onde os outros repousam. Sua alma é jardim, e sua existência é convite para que outras flores nasçam.;Você cura pelo que é — não pelo que faz.;Contato com terra, planta ou semente real;Ervas frescas: hortelã, manjericão e alecrim;Som de chuva suave e prolongada;Verde vivo e paisagens com flores brotando;Frutas cítricas doces em jejum
A035;1??–4??–7??;??;R1Y4B7;1;4;7;Perfil de Equilíbrio Sensorial Fluido;O Harmônico das Marés;Este perfil manifesta conexão com algo maior. A pessoa opera a partir de um estado elevado de consciência, sem negar a matéria, mas transcendendo o ego.;Você é um canal. O que flui por você não termina em você. Sua alma é via, sua vida é templo. E mesmo o invisível se manifesta no seu toque.;Você é meio — e por isso também é milagre.;Contato com superfícies naturais lisas (pedra, madeira);Incenso de templo ou essência de flor azul;Notas longas de sinos ou taças tibetanas;Formas geométricas suaves e onduladas;Alimento cru ou vivo mastigado lentamente
A036;0??–5??–7??;??;R0Y5B7;0;5;7;Perfil de Transcendência Relacional Parcial;A Travessia do Vínculo Sagrado;Indivíduo que vive a virtude de forma encarnada. Suas escolhas são naturalmente altruístas, e sua vibração sustenta ambientes, mesmo em silêncio.;Você é templo em movimento. Cada gesto seu é uma oferenda, cada silêncio, uma oração. Sua alma se tornou altar.;Não há sacrifício onde há entrega plena.;Toque suave nos dedos com leve entrelaçamento;Essência de rosa branca e jasmim;Coral ou harmonia angelical;Luz filtrada em vitral ou água translúcida;Fruta doce e pura ingerida com gratidão
A037;11??–1??–0??;??;R11Y1B0;11;1;0;Perfil de Reatividade Persistente com Isolamento Interno;O Eremita Ferido;Este perfil revela um estado crônico de reatividade emocional aliada ao distanciamento afetivo. A pessoa tende a interpretar o mundo como hostil, e isola suas emoções como forma de autoproteção constante.;Você construiu um castelo para se proteger, mas agora ele também te impede de sair. Sua alma anseia por conexão, mesmo que negue. Há esperança até nas muralhas mais espessas.;Abrir uma fresta já é um gesto de coragem.;Toque nos ombros com pressão e respiração profunda;Mirra e cipreste;Som de vento entre árvores;Imagem de floresta densa com luz filtrada;Chá de raiz com notas amargas (ex: boldo ou gengibre)
A038;9??–3??–0??;??;R9Y3B0;9;3;0;Perfil de Autossabotagem Intermitente;O Escultor Inseguro;Este arquétipo reflete uma pessoa que alterna entre desejo de crescimento e ações inconscientes que atrasam seu progresso. A dúvida constante e o medo de não merecer sustentam padrões de autossabotagem emocional.;Você é como um escultor que, ao ver a obra ganhando forma, teme que ela não seja aceita — e por isso a desfaz. Mas há beleza até nos pedaços que caem.;A coragem de terminar começa com a aceitação do que já nasceu.;Toque em círculos sobre o estômago com respiração lenta;Erva-doce e canela suave;Notas quebradas de piano com pausa;Imagem de mãos moldando argila;Maçã morna com especiarias leves
A039;8??–2??–2??;??;R8Y2B2;8;2;2;Perfil de Pressão Interna por Aprovação;O Aplauso Invisível;Pessoa que organiza suas emoções com base na validação externa. Vive para atender expectativas e, quando não reconhecida, mergulha em autodepreciação ou culpa emocional.;Você construiu palcos que ninguém pediu, e quando não aplaudem, sua alma se encolhe. Mas o que você precisa não é plateia, é paz.;A libertação começa quando você aprende a se aplaudir em silêncio.;Toque no centro do peito com pressão de uma mão;Baunilha e flor de laranjeira;Som de multidão ao longe dissolvendo-se em silêncio;Luzes se apagando no palco com uma vela acesa ao fundo;Tâmara ou amêndoa com atenção plena
A040;7??–4??–1??;??;R7Y4B1;7;4;1;Perfil de Sobrecarga Emocional Oculta;A Coluna Invisível;Indivíduo que carrega emocionalmente diversas pessoas e situações, sem expressar sua exaustão. Aparência funcional, mas com riscos altos de colapso emocional interno.;Você sustenta mundos sem que ninguém perceba. Mas até colunas precisam de fundação. Seu valor não está no quanto suporta, mas no quanto permite ser sustentado também.;Você também merece ser amparado.;Pressão alternada nos dois ombros como se recebesse um apoio;Eucalipto e capim-limão;Som de madeira rangendo suavemente;Imagem de tronco forte com folhas ao vento;Infusão quente de ervas robustas (boldo, canela, cravo)
A041;6??–5??–1??;??;R6Y5B1;6;5;1;Perfil de Racionalização Emocional Estratégica;O Estrategista do Silêncio;Indivíduo que utiliza o raciocínio lógico como forma de neutralizar emoções. Reprime sentimentos para manter controle e evitar vulnerabilidade.;Você aprendeu a pensar para não sentir. Construiu muros com argumentos. Mas até a razão mais sólida precisa de afeto para florescer.;O equilíbrio mora entre a mente clara e o coração acessível.;Dedos pressionando a têmpora com o polegar no queixo;Alecrim com lavanda;Notas repetidas de piano ou sons lógicos (tic-tac, digitação);Linhas retas e simétricas;Chá de ervas amargas com mel
A042;5??–6??–1??;??;R5Y6B1;5;6;1;Perfil de Anulação Emocional por Crença de Inutilidade;A Voz Que Não Ecoa;Este perfil revela uma personalidade com sensação constante de não merecimento. Dificuldade em aceitar elogios, reconhecer valor e expressar necessidades.;Você se cala antes mesmo de tentar falar. Acredita que sua dor é pequena demais para importar. Mas uma semente também começa em silêncio.;Você tem valor mesmo quando não acredita nisso.;Toque firme no peito com a mão inteira;Camomila com erva-doce;Sons suaves que aumentam lentamente (crescendo);Imagem de sombra emergindo para a luz;Frutas doces mastigadas devagar
A043;4??–7??–1??;??;R4Y7B1;4;7;1;Perfil de Controle Emocional por Medo de Rejeição;O Acordo Silencioso;Pessoa que ajusta suas reações para agradar, por receio de ser rejeitada. O excesso de diplomacia e contenção emocional causa autonegação.;Você tenta ser tudo para todos, mas se esquece de ser você. A sua harmonia não pode custar sua verdade.;Paz que sufoca não é paz — é contrato com a solidão.;Autotoque nos ombros e cruzar os braços em autocontenção;Flor de laranjeira com eucalipto;Sons abafados ou vozes atrás da porta;Cortinas fechadas com luz vazando;Infusão de menta com toque amargo
A044;3??–8??–1??;??;R3Y8B1;3;8;1;Perfil de Fragmentação Interna por Sobrecarga Sensorial;O Espírito Estilhaçado;Pessoa que vive em constante estímulo emocional, sem pausas para integrar. Sente tudo ao mesmo tempo e não consegue identificar seus próprios sentimentos com clareza.;Sua alma é como um vitral que quebrou antes de ser montado. Há beleza nas partes, mas você merece ver o quadro inteiro.;A pausa é o que transforma excesso em sabedoria.;Palmas encostadas com foco no calor gerado;Manjerona e lavanda;Sons interrompidos, seguidos de silêncio;Estilhaços de vidro refletindo luz;Alimento simples: pão fresco ou banana
A045;2??–9??–1??;??;R2Y9B1;2;9;1;Perfil de Padrão Repetitivo de Autocrítica;O Juiz Interior;Indivíduo com tendência à crítica constante de si mesmo. Altos padrões de exigência interna e baixa compaixão pessoal.;Você olha para si com uma lupa, mas para os outros com um espelho embaçado. Sua exigência é uma armadura — pesada demais para o coração carregar.;Autoamor não é indulgência — é justiça emocional.;Dedos tocando o queixo em posição de acolhimento;Flor de jasmim e melissa;Som suave de voz guiada dizendo palavras gentis;Rostos sorrindo para o próprio reflexo;Infusão doce com canela e mel
A046;1??–10??–1??;??;R1Y10B1;1;10;1;Perfil de Melancolia Funcional;O Sol Nublado;Este perfil representa alguém que mantém a rotina apesar de uma tristeza constante e silenciosa. A funcionalidade esconde um vazio interno que raramente é verbalizado.;Você sorri com os olhos baixos. Cumpre o dia, mas a alma segue em ponto morto. Até as nuvens têm luz — e você também.;Você pode viver e ainda assim escolher florescer.;Toque nos pulsos com massagem leve e circular;Flor de lavanda e casca de limão;Sons de chuva fina no telhado;Paisagem cinza com pontos de cor;Chocolate amargo com toque cítrico
A047;0??–11??–1??;??;R0Y11B1;0;11;1;Perfil de Isolamento Emocional Voluntário;O Guardião do Silêncio;Pessoa que se afasta emocionalmente para preservar sua energia ou evitar conflitos. Aparente neutralidade, mas interna sensibilidade elevada e não processada.;Você se retirou do mundo como quem precisa silêncio para respirar. Mas seu silêncio também merece companhia, mesmo que em gestos sutis.;O isolamento pode ser refúgio, mas também pode ser prisão.;Toque leve na nuca com olhos fechados;Pinho e hortelã;Silêncio com ruído branco ao fundo;Porta entreaberta com luz suave passando;Infusão de ervas verdes frescas
A048;1??–8??–3??;??;R1Y8B3;1;8;3;Perfil de Autoanulação Afetiva;O Que Serve e se Esquece;Este perfil descreve uma pessoa que vive para suprir as necessidades dos outros, negligenciando suas próprias emoções, desejos e limites.;Você virou casa para todos, mas não sabe onde está sua chave. Cuidar é virtude — mas se anular, não.;Você também é digno do cuidado que oferece.;Mãos entrelaçadas no colo em forma de concha;Melissa e flor de maracujá;Sons de lareira ou fogueira;Mesa posta com uma cadeira vazia;Pão quente com manteiga em silêncio
A049;2??–7??–3??;??;R2Y7B3;2;7;3;Perfil de Autoexigência Disfarçada de Excelência;O Perfeccionista Cansado;Indivíduo que apresenta alto desempenho, mas com base em medo de errar, julgamento interno severo e comparação constante com padrões idealizados.;Você chama de excelência o que às vezes é medo. Seu valor não está no que faz perfeito, mas no que realiza com verdade.;A excelência começa quando o medo sai do comando.;Dedos pressionando a testa e depois o peito;Hortelã e cravo;Notas repetidas e aceleradas com pausas conscientes;Listas, padrões, metas desfocadas;Chá amargo com especiarias aquecidas
A050;3??–6??–3??;??;R3Y6B3;3;6;3;Perfil de Autoconhecimento Emergente;A Aurora Interior;Pessoa que começa a perceber suas emoções com clareza. Ainda enfrenta oscilações, mas demonstra capacidade de introspecção e autorregulação inicial.;Você está descobrindo os contornos da sua própria alma. Ainda há sombra, mas a luz já toca seu horizonte interior.;Ver a si mesmo é o início da verdadeira liberdade.;Toque no coração e respiração com consciência;Erva-cidreira e laranja doce;Sons de pássaros ao amanhecer;Luz dourada tocando folhas verdes;Frutas cítricas com toque de mel
A051;4??–5??–3??;??;R4Y5B3;4;5;3;Perfil de Reconhecimento Emocional Tardio;O Acordar das Ondas;Indivíduo que, após longos períodos de desconexão emocional, começa a reconhecer suas emoções com leveza e sem julgamento.;Você sentiu a maré voltando, mesmo depois de tantos dias de seca. A água que volta ensina a terra a florescer de novo.;Sentir não é fraqueza — é o início da presença.;Toque nos pulsos com atenção plena;Rosa branca e camomila;Som de mar calmo à distância;Ondas lentas em praia vazia;Infusão de pétalas com toque de mel
A052;3??–4??–5??;??;R3Y4B5;3;4;5;Perfil de Reconstrução Após Quebra;O Coração Restaurado;Pessoa que passou por eventos traumáticos ou dolorosos e começa a ressignificar suas experiências com compaixão e propósito.;Você se quebrou — e em vez de esconder os cacos, colou-os com ouro. Sua dor virou arte, e sua história, refúgio.;As cicatrizes também são mapas de cura.;Pressão firme entre as mãos como oração;Sândalo e flor de lótus;Notas de piano com eco lento;Cerâmica restaurada (kintsugi);Alimento quente servido com intenção (ex: sopa ou chá)
A053;2??–3??–7??;??;R2Y3B7;2;3;7;Perfil de Estabilidade Interna em Construção;A Coluna em Movimento;Indivíduo que apresenta estrutura emocional com pontos ainda frágeis. Há desejo de manter equilíbrio, com ações conscientes para isso.;Você aprendeu a caminhar com equilíbrio sobre pedras soltas. Mesmo sem ter todas as respostas, continua — e isso já é força.;A estabilidade é feita de tentativas constantes.;Toque alternado nos pés descalços;Alecrim e hortelã leve;Som de passos firmes no chão de madeira;Trilhas em paisagens naturais;Água com folhas verdes (hortelã ou manjericão)
A054;1??–2??–9??;??;R1Y2B9;1;2;9;Perfil de Sabedoria Emocional Emergente;O Ancião Jovem;Pessoa que alia sensibilidade emocional com introspecção e maturidade. Ainda em desenvolvimento, mas já serve como referência aos outros.;Você ouve mais do que fala. Observa mais do que reage. Sua alma envelheceu antes do tempo, e agora começa a ensinar.;Nem todo sábio tem cabelos brancos.;Toque leve nos ombros em gesto de reconhecimento;Cedro e noz-moscada;Sons graves com fundo meditativo;Caminho de pedras com árvores antigas;Infusão de especiarias terrosas
A055;0??–2??–10??;??;R0Y2B10;0;2;10;Perfil de Expansão Emocional com Base Espiritual;O Jardim do Invisível;Indivíduo que enraíza sua vida emocional em princípios espirituais. Demonstra paz interna mesmo em situações desafiadoras.;Você rega o invisível — e colhe serenidade. O que emana de você é mais do que emoção: é presença.;Espiritualidade é quando a alma respira dentro da emoção.;Mãos unidas com foco na respiração;Incenso suave de templo ou flor branca;Silêncio com canto longínquo;Raízes transparentes tocando o céu;Fruta em jejum com intenção (uva, tâmara)
A056;1??–1??–10??;??;R1Y1B10;1;1;10;Perfil de Alinhamento Interno Avançado;O Círculo Vivo;Pessoa que demonstra forte coerência entre o que sente, pensa e faz. Inspira outros através da presença e do não julgamento.;Você é bússola viva. Sua presença indica o caminho sem exigir passos. Em você, a inteireza respira.;Inteireza não é perfeição, é consonância viva.;Toque com palma aberta sobre o coração e abdômen juntos;Verbena e sálvia;Notas graves e circulares em som ambiente;Mandala viva ou círculos na natureza;Alimento leve com textura suave (iogurte, fruta)
A057;0??–0??–12??;??;R0Y0B12;0;0;12;Perfil de Cura Integrada com Intuição Ativa;O Curador Silencioso;Indivíduo que já percorreu caminhos profundos de cura e agora utiliza sua sensibilidade para apoiar processos alheios, mesmo que sem intenção.;Sua alma aprendeu a não interferir — apenas acolher. Sua intuição age antes da razão. Você não cura pelo toque, mas pela vibração.;A cura mais profunda é aquela que chega sem palavras.;Toque sutil nos pulsos e olhos fechados;Flor de jasmim e sândalo;Música instrumental com longos silêncios entre as notas;Movimento de águas calmas e reflexivas;Infusão floral clara com toque doce
A058;2??–1??–9??;??;R2Y1B9;2;1;9;Perfil de Autotranscendência Afetiva;A Lâmpada Interna;Pessoa que age com amor desapegado. Não exige, não impõe, apenas vibra. A emoção virou extensão do espírito.;Você não ilumina para ser visto — você brilha porque existe. Sua alma não busca aprovação, ela sustenta presença.;A verdadeira luz não disputa, ela acolhe.;Toque em formato de coração no próprio peito;Rosa branca e almíscar leve;Canto lírico ao longe, quase imperceptível;Luz suave em forma de círculo irradiando;Água pura com gotas florais
A059;3??–1??–8??;??;R3Y1B8;3;1;8;Perfil de Expansão Compassiva e Universal;A Ponte Invisível;Indivíduo que opera com compaixão ativa, conectando diferentes realidades sem esforço. É ponto de encontro, mesmo sem ser o centro.;Você conecta o que parecia inconciliável. Sua alma é ponte, e sua missão é unir — mesmo que em silêncio.;Compaixão é o elo entre mundos que ainda não se olham.;Toque nas mãos com intenção de entrega;Flor de cerejeira e sândalo leve;Sons mistos de culturas distintas;Imagens de caminhos que se cruzam;Chá multicultural (mistura de ervas de diferentes origens)
A060;4??–0??–8??;??;R4Y0B8;4;0;8;Perfil de Encarnação da Virtude em Serviço;A Alma em Oferta;Pessoa que se tornou a expressão viva do amor em ação. Serve, acolhe, inspira — não como esforço, mas como essência encarnada.;Você é resposta a pedidos silenciosos. Sua alma não carrega — ela transborda. Você se tornou aquilo que o mundo tanto precisou encontrar.;Servir com alma é ofertar sem esforço.;Toque nas palmas abertas voltadas para cima;Incenso de templo com lavanda;Canto sutil acompanhado por silêncio;Imagem de mãos ofertando luz ou flor;Fruta oferecida antes de ser comida, com intenção
A061;8??–4??–0??;??;R8Y4B0;8;4;0;Perfil de Conflito Interno em Fase de Reversão;O Labirinto com Luz;Indivíduo que passou por conflitos intensos internos e começa a identificar padrões repetitivos que deseja transformar. Há intenção de mudança, ainda que com resistência.;Você está no meio do seu próprio labirinto — mas agora carrega uma lanterna. O caminho ainda confuso já está sendo iluminado por dentro.;A clareza começa quando a coragem acende a primeira luz.;Toque com a ponta dos dedos na testa e depois no peito;Eucalipto e alecrim;Sons de pegadas ecoando em espaço vazio;Caminhos bifurcados com luz ao fundo;Infusão de raiz (gengibre com hortelã)
A062;7??–3??–2??;??;R7Y3B2;7;3;2;Perfil de Início de Regulação Emocional Consciente;O Equilibrista;Pessoa que, mesmo com instabilidades internas, já consegue realizar pausas para refletir antes de reagir. Em transição de impulsividade para autocontenção equilibrada.;Você começou a caminhar na corda bamba do autodomínio. Ainda oscila, mas já reconhece o valor da pausa e da presença.;A força está em continuar, mesmo balançando.;Mãos espalmadas sobre o abdômen com respiração consciente;Erva-doce e limão siciliano;Som ritmado de passos leves;Imagem de fio estendido entre dois pontos;Água com gota de limão gelado
A063;6??–5??–1??;??;R6Y5B1;6;5;1;Perfil de Aceitação das Emoções Negadas;O Reconhecedor;Este arquétipo representa alguém que começa a aceitar emoções antes reprimidas, como raiva ou tristeza, com menos julgamento e mais curiosidade.;Você tirou da gaveta sentimentos que antes escondia. Está descobrindo que até o desconforto tem algo a ensinar.;Aceitar não é concordar — é integrar.;Mãos cruzadas no peito, com leve pressão;Lavanda e casca de laranja amarga;Notas que sobem e descem lentamente;Porta sendo aberta para uma luz difusa;Infusão de hibisco e cravo
A064;5??–6??–1??;??;R5Y6B1;5;6;1;Perfil de Autoexpressão Emergente;A Voz que Desperta;Pessoa que começa a se permitir falar, nomear e expressar sentimentos e limites. Em fase inicial de verbalização emocional com autenticidade.;Você começou a dizer aquilo que antes só sentia. Sua voz não precisa ser alta para ser verdadeira — basta que venha do centro.;Sua verdade tem som. Deixe-a ecoar.;Toque com a ponta dos dedos na garganta;Menta e flor de laranjeira;Sons de voz sendo testada em eco;Boca entreaberta com som em formação;Gengibre com limão em infusão morna
A065;4??–7??–1??;??;R4Y7B1;4;7;1;Perfil de Despertar Intuitivo Inicial;A Centelha que Escuta;Indivíduo que começa a reconhecer sua intuição como recurso real. Ainda tímido em confiar plenamente, mas já percebe conexões internas que guiam escolhas sutis.;Você começou a ouvir algo que não vem da mente. Um sussurro discreto que aponta direções com mais verdade do que lógica.;A intuição é a voz da alma falando com ternura.;Toque leve com o indicador entre as sobrancelhas;Louro e flor de lavanda;Sons suaves com ecos profundos;Luz tênue saindo do centro de uma flor;Infusão de folha de pitanga com gotas de mel
A066;3??–8??–1??;??;R3Y8B1;3;8;1;Perfil de Redescoberta do Propósito Pessoal;O Reencaminhado;Pessoa que passa a reavaliar suas escolhas e valores em busca de sentido mais profundo. Questiona antigas estruturas e começa a se reposicionar.;Você parou para perguntar: 'É isso mesmo que eu quero viver?'. E nesse silêncio, uma nova rota começou a se desenhar.;O propósito nasce quando a alma recusa o piloto automático.;Toque no coração com palma aberta;Manjericão e cedro;Sons de passos ecoando em templo vazio;Caminho que bifurca entre montanhas;Água fresca com ramo de alecrim
A067;2??–9??–1??;??;R2Y9B1;2;9;1;Perfil de Superação de Vínculos Emocionais Tóxicos;O Elo Quebrado;Indivíduo que começa a se libertar de padrões relacionais que limitavam seu crescimento. Ainda sente culpa ou dúvida, mas prioriza sua verdade interna.;Você rompeu o elo que te mantinha preso. Dói, mas há uma leveza nova que já começa a nascer entre os escombros.;Romper pode ser um ato de amor-próprio.;Dedos entrelaçados sendo soltados devagar;Cravo e erva-cidreira;Som de corrente se partindo e vento suave depois;Corrente quebrada sob luz suave;Chá amargo com toque de doçura no final
A068;1??–10??–1??;??;R1Y10B1;1;10;1;Perfil de Reintegração de Partes Negadas;O Inteiro que Retorna;Pessoa que passa a acolher traços rejeitados de sua personalidade com aceitação e compaixão. Caminha rumo à integração psicoespiritual.;Você reencontrou partes suas que havia deixado para trás. Agora, começa a juntar as peças do seu todo com amor e sem pressa.;Voltar para si é a maior reconciliação possível.;Mãos tocando alternadamente o rosto e o peito;Flor de lótus e sândalo claro;Sons ascendentes de cordas com silêncio ao final;Espelho trincado sendo restaurado;Infusão leve de flores com anis
A069;0??–11??–1??;??;R0Y11B1;0;11;1;Perfil de Abertura à Vulnerabilidade Consciente;O Desarme Sagrado;Pessoa que começa a permitir-se sentir e compartilhar suas emoções com mais verdade, mesmo diante do medo de julgamento.;Você está aprendendo que vulnerabilidade não é fraqueza — é abertura. E nesse gesto, há mais força do que em qualquer escudo.;Baixar a guarda é abrir o coração para o real.;Mãos apoiadas no peito com leve pressão;Rosa e camomila;Notas suaves que crescem em harmonia;Flor se abrindo sob luz natural;Chá de pétalas com toque adocicado
A070;1??–8??–3??;??;R1Y8B3;1;8;3;Perfil de Transição do Medo para a Confiança;O Degrau Invisível;Indivíduo que enfrenta o medo de agir, mas decide seguir com base na fé interna. Está no limiar entre o velho padrão e o novo passo.;Você não viu o chão — e ainda assim pisou. Seu movimento é fé em forma de corpo.;A confiança nasce quando você age sem todas as certezas.;Ponta dos pés tocando o chão com olhos fechados;Verbena e flor de limão;Som de passos firmes ecoando suavemente;Escada com degraus invisíveis;Água com infusão de folhas verdes
A071;2??–7??–3??;??;R2Y7B3;2;7;3;Perfil de Conexão Consagrada com a Voz Interior;O Eco que Retorna;Pessoa que silencia ruídos externos para ouvir sua intuição com clareza. A relação consigo mesmo passa a ser prioridade espiritual.;Você buscou no mundo e descobriu que a resposta sempre esteve dentro. Agora, a escuta virou templo.;O que vem de dentro não engana.;Mãos cruzadas sobre o umbigo em respiração profunda;Sálvia branca e alfazema;Silêncio com eco interno profundo;Espelho d’água refletindo céu limpo;Infusão de ervas purificadoras (alecrim, louro)
A072;3??–6??–3??;??;R3Y6B3;3;6;3;Perfil de Retorno à Essência Perdida;O Caminho de Volta;Indivíduo que, após longas desconexões, retoma contato com seus valores originais e desejos autênticos. Há cura da identidade espiritual.;Você se perdeu para aprender a se reencontrar. E agora cada passo é um reencontro com o que te faz ser, sem esforço.;Voltar para si é mais sagrado do que encontrar algo fora.;Toque entre as costelas com ambas as mãos, respiração leve;Cedro e jasmim;Melodia que inicia e retorna ao tom inicial;Trilha que faz curva e retorna ao ponto de luz;Chá morno de maçã com canela
A073;4??–5??–3??;??;R4Y5B3;4;5;3;Perfil de Consagração Interior Progressiva;O Solo Fértil;Indivíduo em fase de germinação de virtudes profundas. A alma começa a florescer em silêncio e solidez.;Você silenciou o mundo para ouvir a raiz crescer. Em você, a semente virou promessa.;Florescer é um verbo que começa no escuro.;Mãos fechadas como semente sob o coração;Terra úmida e flor branca;Sons graves de batimentos e pulsação lenta;Broto nascendo entre folhas secas;Infusão de folhas e raízes suaves
A074;3??–4??–5??;??;R3Y4B5;3;4;5;Perfil de Abertura Espiritual Contínua;A Janela do Infinito;Pessoa que vive a espiritualidade não como crença, mas como estado de presença. Sua visão transcende dogmas.;Você aprendeu a respirar o invisível. Sua fé não cabe mais em formas — ela virou caminho sem fim.;O sagrado não está longe — está mais perto do que o ar.;Toque com os dedos nos olhos fechados;Incenso leve de mirra e flor;Silêncio profundo intercalado por um sopro;Janela aberta para o céu ao amanhecer;Água pura com flor comestível
A075;2??–3??–7??;??;R2Y3B7;2;3;7;Perfil de Sabedoria Encarnada em Simplicidade;O Anônimo Luminoso;Pessoa que se tornou referência silenciosa de virtude. Inspira sem imposição e serve em silêncio.;Você não fala muito, mas sua presença ensina. Sua luz não cega — apenas aquece.;Ser luz é brilhar sem querer ser visto.;Mãos nos ombros com gentileza e respiração longa;Madeira seca e flor de jardim;Sons discretos de ambiente rural ao amanhecer;Luz passando entre folhas simples;Pão fresco com manteiga morna
A076;1??–2??–9??;??;R1Y2B9;1;2;9;Perfil de Paz Estável e Emissão Afetiva;O Refúgio Vivo;Indivíduo que transmite paz por onde passa. Possui uma vibração que acolhe sem esforço.;Você virou abrigo. Quem se aproxima sente alívio, sem saber por quê. Sua alma é lar para muitos.;Sua paz é mais forte do que muitos gritos.;Toque sobre as costelas como abraço interno;Flor branca e chá de camomila;Sons de água corrente e silêncio profundo;Cabana com luz acesa em noite fria;Sopa quente com ervas
A077;0??–2??–10??;??;R0Y2B10;0;2;10;Perfil de Harmonia com o Invisível;O Ser Translúcido;Pessoa que vive de forma integrada entre corpo, alma e espírito. Sente-se em paz mesmo diante do mistério.;Você não briga mais com o que não entende. Sua alma aprendeu que o invisível é parte do que sustenta a vida.;Nem tudo precisa ser nomeado para ser vivido.;Mãos abertas com os olhos fechados voltadas ao alto;Almíscar branco e folha seca;Som ambiente com notas suspensas;Bruma leve sobre campo aberto;Fruta leve com água morna
A078;1??–1??–10??;??;R1Y1B10;1;1;10;Perfil de Amor Universal Ativo;A Fonte que Flui;Pessoa que pratica o amor como estado vibracional. Ama além do pessoal — ama pela vibração de quem já se fundiu ao Todo.;Você não ama alguém — você ama. E por onde passa, esse amor se derrama como se nem soubesse conter.;O amor não precisa de motivo — ele precisa de canal.;Toque com ambas as mãos sobre o plexo solar;Essência floral leve com resina natural;Som de fonte com canto suave de pássaros;Água jorrando entre pedras;Infusão floral com frutas
A079;0??–0??–12??;??;R0Y0B12;0;0;12;Perfil de Virtude Incorporada na Matéria;O Corpo Consagrado;Indivíduo que vive a espiritualidade no cotidiano. O sagrado atravessa seus gestos simples.;Você fez do seu corpo altar. Cada passo é reverência, cada gesto é intenção.;A presença é oração em movimento.;Contato firme dos pés com o chão, olhos fechados;Resina doce e flor do campo;Som de passos calmos sobre terra batida;Pessoa caminhando entre árvores altas;Alimento cru e mastigado em silêncio
A080;2??–1??–9??;??;R2Y1B9;2;1;9;Perfil de Transparência Espiritual com Solidez Interna;O Cristal Andante;Pessoa que transmite clareza, verdade e paz. As palavras são poucas — a vibração, intensa.;Você virou janela. Quem te olha, vê o céu. Mas não é por ausência — é por leveza.;Ser claro é mais poderoso que ser complexo.;Toque nas têmporas com dedos abertos;Flor transparente e hortelã leve;Som metálico suave como cristal vibrando;Reflexos de luz em pedra translúcida;Água fria com essência natural
A081;3??–1??–8??;??;R3Y1B8;3;1;8;Perfil de Santidade Discreta;O Vento entre as Árvores;Pessoa que irradia luz sem discurso. Inspira a presença de Deus com o silêncio da bondade.;Você já não precisa falar sobre Deus — porque se tornou expressão d’Ele.;A santidade é o perfume de quem já não precisa de palco.;Mãos voltadas ao céu em silêncio;Incenso natural e flor de campo;Som do vento suave entre galhos;Luz entre folhas balançando;Fruta leve ingerida com reverência
A082;4??–0??–8??;??;R4Y0B8;4;0;8;Perfil de Integração Celeste com a Terra;O Céu no Chão;Indivíduo que vive como ponto de união entre a espiritualidade elevada e a humanidade prática.;Você faz do chão caminho sagrado. E mesmo entre ruídos, anda como quem escuta estrelas.;A ponte entre o céu e a terra é você.;Pés descalços firmes com mãos em prece;Lavanda e madeira sagrada;Harmonia entre vozes celestes e sons da natureza;Luz que desce sobre pedra ou terra;Alimento que mistura salgado e doce de forma harmônica
A083;3??–2??–7??;??;R3Y2B7;3;2;7;Perfil de Alma Guardiã do Invisível;O Sentinela da Luz;Pessoa que sustenta estados elevados com firmeza. Vigia sua vibração e a do ambiente.;Você não vigia os outros — você guarda o sagrado. Sua vigília é oração sem palavras.;Ser guardião da luz é saber quando calar, quando sustentar e quando partir.;Toque no centro do peito com foco no silêncio;Incenso de templo e terra molhada;Batidas lentas e firmes de tambor;Chama viva no escuro;Infusão escura e firme, como chá de raízes
A084;2??–4??–6??;??;R2Y4B6;2;4;6;Perfil de União Total entre Corpo e Espírito;A Alma Realizada;Indivíduo que atingiu o estado de presença contínua. Tudo é oração, tudo é ação sagrada.;Você se tornou tudo o que veio buscar. E agora caminha como quem não carrega mais busca, apenas luz.;A alma realizada não precisa mais correr — ela apenas irradia.;Toque com consciência em cada parte do corpo, um por vez;Flor sagrada e resina celestial;Silêncio vivo com som interno em harmonia;Luz ao redor de uma figura sentada em paz;Alimento simples com respiração entre as mastigações
A085;1??–2??–9??;??;R1Y2B9;1;2;9;Perfil de Espiritualidade Encarnada em Calma Profunda;O Sopro Azul;Pessoa que vive em constante estado de serenidade. Sua paz não é inércia, é conexão vibracional com o essencial.;Você se tornou um sopro sereno que atravessa o mundo. Sua paz é azul — e nela cabem todos os tons do existir.;A paz mais profunda é a que não precisa se justificar.;Mãos abertas voltadas para o céu com respiração abdominal;Cedro azul e hortelã-do-campo;Som do mar calmo em ondas longas;Céu limpo sobre campo aberto;Infusão de erva-cidreira com gotas de limão
A086;0??–2??–10??;??;R0Y2B10;0;2;10;Perfil de União com a Vida sem Resistência;A Folha que Flui;Indivíduo que aprendeu a se entregar ao fluxo da vida. Aceita o que vem, transforma o que pode e libera o que não controla.;Você virou folha no rio: não por fraqueza, mas por sabedoria. Fluir é o novo nome da sua liberdade.;Aceitar o fluxo é confiar na inteligência da vida.;Toque sobre os ombros como gesto de liberação;Flor de lótus e chá verde;Som de riacho com vento leve nas árvores;Folhas sendo levadas pela correnteza suave;Chá leve com folhas frescas e mel
A087;0??–1??–11??;??;R0Y1B11;0;1;11;Perfil de Compaixão Universal Ativa;O Olhar que Abraça;Pessoa que irradia compaixão de forma espontânea. Sente a dor do outro como extensão da própria alma, mas não se afoga nela.;Você não olha — você acolhe com os olhos. Sua compaixão não fala: ela toca antes do toque.;O amor que vê é o amor que cura.;Toque suave sobre o próprio rosto com intenção de carinho;Flor de maracujá e verbena;Som de voz doce lendo um salmo ou poesia;Olhos sorrindo com leveza e verdade;Infusão floral com maracujá e lavanda
A088;0??–0??–12??;??;R0Y0B12;0;0;12;Perfil de Sabedoria Silenciosa Consolidada;A Pedra Sábia;Pessoa que se tornou um centro de equilíbrio. Sua sabedoria não precisa se provar — ela apenas é.;Você se tornou rocha — não por dureza, mas por presença. Sua alma já não debate, ela sustenta.;A sabedoria não grita, ela permanece.;Toque firme nos tornozelos, conectando com a terra;Olíbano e resina antiga;Notas graves e espaçadas em fundo meditativo;Montanha imóvel sob o céu nublado;Raiz doce ou bebida terrosa em temperatura morna
A089;1??–1??–10??;??;R1Y1B10;1;1;10;Perfil de Integração Emocional e Sabedoria Prática;O Compassivo Consciente;Indivíduo que une clareza emocional com ações alinhadas ao bem comum. Age com firmeza e ternura na medida certa.;Você aprendeu a sentir sem se perder, e a agir sem ferir. Sua alma é bússola serena que serve ao mundo.;Equilíbrio é quando o amor ganha direção.;Toque alternado entre o coração e a testa;Alecrim e lavanda em equilíbrio;Batidas rítmicas e respiração profunda;Caminho dividido entre luz suave e sombra gentil;Chá de equilíbrio: canela, melissa e toque cítrico
A090;2??–1??–9??;??;R2Y1B9;2;1;9;Perfil de Expansão Espiritual com Aterramento;A Árvore Viva;Pessoa que expande sua consciência sem se afastar da realidade. Mantém as raízes firmes enquanto eleva o espírito.;Você cresceu para cima, sem deixar de tocar o chão. Seu espírito voa, mas seus pés sabem onde pisam.;Crescer sem raízes é se perder no vento.;Pés firmes no chão e mãos estendidas para o alto;Cedro, patchouli e flor suave;Som de vento entre folhas e canto de pássaros;Árvore frondosa sob céu claro;Alimento natural com texturas contrastantes
A091;3??–0??–9??;??;R3Y0B9;3;0;9;Perfil de Liberdade Interior Estruturada;O Voo com Raízes;Indivíduo que desenvolveu liberdade emocional com responsabilidade. Sabe dizer sim e não com clareza e sem culpa.;Você aprendeu a voar sem fugir. Sua liberdade tem base, e sua presença tem asas.;A liberdade verdadeira sabe onde pousar.;Toque leve nas escápulas como se abrisse asas;Hortelã e noz-moscada;Sons de pássaros cruzando campos abertos;Céu aberto com uma ave em pleno voo;Chá fresco com especiarias suaves
A092;4??–0??–8??;??;R4Y0B8;4;0;8;Perfil de Entrega Espiritual em Propósito Ativo;A Missão Encarnada;Pessoa que age no mundo com base em uma convicção espiritual profunda. Enxerga o cotidiano como extensão de sua fé.;Você não faz por obrigação, mas por sentido. Sua entrega não é peso — é propósito vivo.;Servir ao propósito é caminhar com leveza, mesmo nas trilhas mais íngremes.;Toque sobre o esterno com leve batida ritmada;Incenso natural e flor branca;Som de sino e passos firmes no chão;Figura caminhando com claridade no olhar;Infusão com aroma marcante e doce equilibrado
A093;5??–0??–7??;??;R5Y0B7;5;0;7;Perfil de Presença Amorosa no Cotidiano;O Coração Prático;Pessoa que transforma pequenas ações em expressões de cuidado e ternura. O amor se manifesta em gestos simples e constantes.;Você serve café com presença. Fecha portas com carinho. Sua alma se manifesta no detalhe, e isso muda tudo.;Amor que se revela no comum é milagre silencioso.;Toque leve na ponta dos dedos com atenção plena;Baunilha e chá preto;Sons do lar: chaleira, vento na cortina, passos suaves;Mesa posta com simplicidade e beleza;Café com leite ou chá e pão fresco
A094;6??–0??–6??;??;R6Y0B6;6;0;6;Perfil de Leveza Responsável;A Borboleta com Rumo;Indivíduo que une a capacidade de sonhar e voar com senso de responsabilidade. Delicadeza sem fuga, presença sem peso.;Você voa, mas sabe pousar. Não se perde no céu nem se prende à terra. Sua leveza tem direção.;Ser leve não é fugir — é flutuar com consciência.;Movimento circular das mãos sobre o coração e abdômen;Flor de cerejeira e verbena;Som de asas suaves ou pano ao vento;Borboleta voando sobre uma trilha;Fruta fresca em temperatura ambiente
A095;7??–0??–5??;??;R7Y0B5;7;0;5;Perfil de Consistência Interna com Flexibilidade;O Bambuzal da Alma;Pessoa que mantém seus princípios mesmo em meio à mudança. Adapta-se sem perder sua essência.;Você balança com o vento, mas não quebra. A sua firmeza é feita de escuta, e sua raiz é fé.;Forte é quem se curva sem se perder.;Toque suave nas laterais do corpo com respiração lenta;Eucalipto e chá verde;Som de bambus ao vento;Bambuzal curvado em meio à brisa;Chá fresco com toque herbal amargo
A096;8??–0??–4??;??;R8Y0B4;8;0;4;Perfil de Fé Prática e Esperança Aplicada;O Construtor do Invisível;Pessoa que age com esperança como fundamento. Sua fé se manifesta em decisões, projetos e relações com intencionalidade espiritual.;Você planta como quem já viu o fruto. A esperança é seu tijolo invisível — e com ele, você constrói presença.;A fé se prova quando vira ação sem plateia.;Palmas pressionadas entre si com respiração firme;Canela e resina leve;Som de martelo suave sobre madeira;Construção em curso com flores ao redor;Pão morno com especiarias
A097;9??–0??–3??;??;R9Y0B3;9;0;3;Perfil de Serviço Espiritual Discreto;A Mão Invisível;Pessoa que atua no mundo com generosidade silenciosa. Sua ação transforma, mesmo quando ninguém percebe.;Você não busca reconhecimento, apenas oferece o que transborda. Sua alma é doação em silêncio.;Servir é dar sem esperar eco.;Toque nas palmas voltadas para baixo;Sândalo e capim-limão;Sons leves de tarefas domésticas em fundo meditativo;Mãos ofertando algo sob luz difusa;Comida morna feita com intenção
A098;10??–0??–2??;??;R10Y0B2;10;0;2;Perfil de Percepção Amorosa do Outro sem Julgamento;O Olhar sem Condenação;Indivíduo que compreende a jornada alheia sem pressa ou imposição. Cultiva empatia profunda.;Você não aponta — você acolhe com o olhar. Sua alma entendeu que cada um caminha no tempo da graça.;A compaixão começa quando cessa o julgamento.;Toque leve sobre os olhos com olhos fechados;Jasmim e alecrim suave;Voz baixa dizendo 'eu te entendo';Olhos marejados em compreensão mútua;Chá doce com especiarias leves
A099;11??–0??–1??;??;R11Y0B1;11;0;1;Perfil de Intuição Alinhada ao Serviço;A Voz Interior Coletiva;Pessoa que segue sua intuição para ajudar os outros. Age em silêncio, guiada por uma percepção sutil do que é necessário.;Você ouve a necessidade antes que ela seja dita. Sua alma age como ponte entre o invisível e o agora.;A intuição que serve é voz do espírito em forma de gesto.;Dedos tocando os ouvidos e depois o coração;Flor de laranjeira e verbena;Sons suaves que precedem o silêncio;Pessoa agindo antes de ser solicitada;Infusão de flores brancas e mel
A100;12??–0??–0??;??;R12Y0B0;12;0;0;Perfil de Transparência Espiritual com Ação Ética;O Espelho Dourado;Pessoa que vive com transparência e retidão, guiada por princípios elevados, mesmo nos pequenos detalhes.;Você não precisa explicar sua luz — ela se nota nos seus atos. Sua alma é espelho limpo e brilho manso.;Integridade é espiritualidade que chegou à prática.;Toque com os dedos no centro do peito e leve inclinação do queixo;Olíbano e flor clara;Notas claras e contínuas em tons ascendentes;Reflexo do sol sobre água limpa;Alimento fresco com sabor puro (ex: fruta recém-colhida)
A101;10??–1??–1??;??;R10Y1B1;10;1;1;Perfil de Interiorização com Sabedoria Visionária;O Vidente Silencioso;Pessoa que vive voltada ao mundo interior com lucidez e conexão com o futuro. Sua visão é orientadora.;Você vê longe mesmo de olhos fechados. Sua alma é bússola que aponta para o que ainda não nasceu.;Ver antes é sentir com os olhos do espírito.;Toque entre as sobrancelhas e peito simultaneamente;Mirra e erva-cidreira;Som de notas que ecoam lentamente para longe;Neblina com figura caminhando ao fundo;Infusão escura e profunda com raiz
A102;9??–2??–1??;??;R9Y2B1;9;2;1;Perfil de Amor como Estado Natural;O Sol Interno;Pessoa que vibra amor sem distinção, sem esforço. É amor que acontece porque se é, não porque se faz.;Você não precisa decidir amar — você já é. Seu amor não depende de estímulo, ele é fonte contínua.;Ser amor é mais profundo do que amar alguém.;Toque quente nas costas das mãos com gratidão;Flor de campo e mel suave;Sons solares — pássaros, risos, folhas dançando;Sol interno em meditação irradiando luz;Alimento simples e luminoso como fruta fresca
A103;8??–3??–1??;??;R8Y3B1;8;3;1;Perfil de Comunhão Espiritual em Ações Rotineiras;O Monge Cotidiano;Pessoa que fez do cotidiano um altar. Suas tarefas simples tornaram-se atos sagrados pela intenção colocada.;Você varre o chão como quem consagra. Suas ações são liturgias do invisível.;Consagrar é fazer do comum, sagrado.;Toque nos joelhos e depois no peito com respiração lenta;Chá preto e folha seca;Sons cotidianos com intenção sagrada (ex: água sendo colocada);Cenas simples com luz suave (cozinha, jardim);Comida feita com intenção e presença
A104;7??–4??–1??;??;R7Y4B1;7;4;1;Perfil de Presença Silenciosa Transformadora;A Luz que Fica;Indivíduo que impacta pelo silêncio e pela qualidade da presença. Não precisa falar — apenas estar.;Você não deixa lembranças — deixa vibração. Sua alma fica onde passou.;A presença mais profunda é a que fala sem palavras.;Mãos cruzadas sobre o plexo solar com respiração sutil;Flor clara e fumaça leve;Som de silêncio denso e acolhedor;Luz que permanece em ambiente vazio;Infusão delicada, quase imperceptível
A105;6??–5??–1??;??;R6Y5B1;6;5;1;Perfil de União Estável com o Divino;O Uno com o Todo;Pessoa que vive permanentemente em estado de conexão com o divino. Age, fala e pensa em consonância com a consciência superior.;Você não fala sobre Deus — você vive como Ele. Seu corpo é templo, sua vida é prece.;A união com o divino é um estado, não um evento.;Toque simultâneo na testa, peito e abdômen;Olíbano, mirra e flor branca;Som de cântico suave ao fundo do silêncio;Figura luminosa em plena paisagem natural;Infusão sagrada com mel e raiz
A106;5??–6??–1??;??;R5Y6B1;5;6;1;Perfil de Amor como Expressão da Verdade Espiritual;A Palavra Amor;Pessoa que fala e age com coerência plena entre o amor espiritual e o discurso cotidiano. Suas palavras são bênçãos.;Você não fala de amor — você é amor que se expressa em sílabas. Sua voz é ponte entre o alto e o aqui.;Falar com amor é evangelizar com a vida.;Toque nos lábios com os olhos fechados e respiração presente;Rosa branca e mel;Voz doce e lenta, ecoando suavemente;Luz dourada saindo da boca de quem ora;Doce suave com flor ou mel
A107;4??–7??–1??;??;R4Y7B1;4;7;1;Perfil de Maturidade Emocional Espiritualizada;A Árvore Anciã;Pessoa que vive com estabilidade, amor e sabedoria sem ostentação. Sua maturidade é guia e alicerce.;Você já não reage — você responde com raízes. Sua alma está velha de paz.;Velhice da alma é juventude da luz.;Toque no coração com uma das mãos e outra no chão ou joelho;Madeira antiga e ervas secas;Som de vento em árvores muito antigas;Árvore centenária em campo aberto;Alimento rústico, ancestral (pão de raízes, caldo simples)
A108;3??–8??–1??;??;R3Y8B1;3;8;1;Perfil de Realização Espiritual em Plenitude;A Consciência Viva;Pessoa que vive em plena presença, unidade e ação sagrada. Não há separação entre espírito, corpo e missão.;Você se tornou consciência que caminha. Sua existência inteira é oração encarnada.;Não há mais caminho — você é o próprio templo.;Toque sequencial no centro do peito, abdômen e entre as sobrancelhas;Flor sagrada, raiz e incenso leve;Silêncio com vibração grave em fundo quase imperceptível;Aura luminosa ao redor de figura em meditação;Infusão sagrada de flores, raízes e mel
A109;0??–1??–11??;??;R0Y1B11;0;1;11;Perfil de Inspiração Interior Ativa;A Brisa que Motiva;Pessoa que se move por motivações sutis vindas de sua interioridade. Age em sintonia com algo mais profundo do que a vontade momentânea.;Você não precisa de empurrões — o que te move vem de dentro, como uma brisa que sopra em silêncio e direção.;A verdadeira motivação nasce do centro, não da pressão.;Toque com os dedos no peito e respiração expandida;Cítricos leves e flor de limoeiro;Som de folhas balançando ao vento;Brisa movendo as cortinas suavemente;Chá cítrico com toque de mel
A110;1??–1??–10??;??;R1Y1B10;1;1;10;Perfil de Força Interior Compassiva;A Rocha com Coração;Indivíduo que equilibra firmeza com acolhimento. É sólido sem ser rígido, forte sem ser frio.;Você sustenta e acolhe. É abrigo e impulso ao mesmo tempo. Sua alma é rocha com coração pulsante.;A força mais nobre é a que protege com ternura.;Toque firme sobre o peito com as duas mãos;Madeira e rosa selvagem;Som grave com intervalos longos e suaves;Montanha com vegetação florida;Raiz doce com chá morno
A111;2??–1??–9??;??;R2Y1B9;2;1;9;Perfil de Clareza Mental com Alinhamento Espiritual;A Lâmpada Silenciosa;Pessoa que desenvolveu clareza e discernimento com base em princípios elevados. Pensa com sabedoria e age com intenção.;Você pensa com o coração e decide com a alma. Sua lucidez é uma forma de luz.;A mente se torna sábia quando serve ao espírito.;Toque entre as sobrancelhas e depois no peito;Alecrim e resina clara;Sinos leves em ambiente aberto;Lâmpada antiga iluminando um caminho escuro;Infusão de ervas claras com toque cítrico
A112;3??–1??–8??;??;R3Y1B8;3;1;8;Perfil de Amor Consciente em Relações;A Presença que Acolhe;Pessoa que manifesta amor com discernimento, sem apego ou dependência. Cuida com liberdade.;Você aprendeu que amar é estar, não prender. Sua presença traz conforto sem cobrança.;Amor verdadeiro é presença sem pressão.;Toque leve nos ombros com respiração consciente;Flor de maracujá e hortelã;Voz baixa e suave dizendo 'estou aqui';Abraço com espaço, sorriso sem exigência;Bebida fresca com toque floral suave
A113;4??–1??–7??;??;R4Y1B7;4;1;7;Perfil de Enraizamento com Propósito;A Raiz que Dança;Pessoa que mantém os pés firmes na realidade enquanto cultiva intenções elevadas. Vive com estabilidade e leveza simultâneas.;Você aprendeu a fincar raízes sem se prender. Seu propósito brota com leveza, como raiz que dança sob a terra.;Estabilidade não é rigidez — é solo fértil para voar.;Toque simultâneo nos pés e no peito com presença;Patchouli e flor de campo;Sons de tambor lento e folhas ao vento;Raízes entrelaçadas sustentando uma flor;Infusão terrosa com toque floral
A114;5??–1??–6??;??;R5Y1B6;5;1;6;Perfil de Expansão Silenciosa de Virtudes;A Aurora Interna;Pessoa que irradia virtudes de forma espontânea e sem alarde. Sua luz se espalha sem esforço ou palavras.;Você ilumina sem saber. Sua alma é uma aurora que chega sem avisar, mas transforma o que toca.;A virtude verdadeira não grita — ela amanhece.;Mãos abertas no colo com respiração circular;Flor branca e toque cítrico suave;Som de alvorada: brisa, pássaros e silêncio;Luz dourada surgindo sobre montanhas;Fruta suave em jejum com intenção
A115;6??–1??–5??;??;R6Y1B5;6;1;5;Perfil de Conexão Plena com o Tempo Presente;O Agora Eterno;Pessoa que vive o presente como o único tempo possível. Sua atenção total se torna um dom espiritual.;Você não espera mais pelo amanhã. Sua alma descobriu que o agora é o milagre que se repete.;Estar por inteiro é viver o eterno no instante.;Toque nos dedos, um a um, com atenção plena;Hortelã fresca e flor de laranjeira;Som de respiração e batida do próprio coração;Relógio parado e luz viva no entorno;Comida simples saboreada em silêncio
A116;7??–1??–4??;??;R7Y1B4;7;1;4;Perfil de Altruísmo Espiritualizado;O Dom que Transborda;Pessoa que doa sua energia, tempo e amor com pureza de intenção. O servir se tornou natural.;Você não serve para ser visto — serve porque existe em abundância. Seu dom virou oferta viva.;Servir com pureza é tornar-se extensão da Graça.;Mãos estendidas com palma aberta para frente;Flor de lírio e resina sutil;Som de águas mansas fluindo por pedras;Mãos entregando uma luz ou flor;Bebida quente servida com intenção amorosa
A117;8??–1??–3??;??;R8Y1B3;8;1;3;Perfil de Gratidão como Estado Natural;O Agradecido Silencioso;Pessoa que cultiva gratidão como forma de presença. Reconhece beleza e propósito em tudo que chega.;Você agradece até o silêncio. Sua alma encontrou o ouro da vida nas coisas pequenas.;Gratidão é o perfume da alma madura.;Toque no coração com leve inclinação da cabeça;Flor de laranjeira e anis;Sons leves de sino e vento em folhas;Pessoa com olhos fechados em gesto de gratidão;Fruta doce consumida lentamente
A118;9??–1??–2??;??;R9Y1B2;9;1;2;Perfil de Discrição como Expressão de Sabedoria;O Guardião Silencioso;Pessoa que compreende a força do silêncio e da não exposição. Age com discrição, fala com precisão.;Você entendeu que nem tudo precisa ser mostrado. Sua sabedoria está em guardar e não em mostrar.;Silêncio também é forma de cura.;Toque nos lábios e no centro do peito com respiração pausada;Cedro e flor seca;Som abafado de vento em madeira;Porta entreaberta com luz interna;Infusão escura com toque herbal
A119;10??–1??–1??;??;R10Y1B1;10;1;1;Perfil de Completude sem Necessidade de Excesso;O Vazio Pleno;Indivíduo que sente plenitude mesmo em simplicidade. Não busca preencher vazios — pois já habita sua inteireza.;Você não corre mais atrás — porque está inteiro. Sua presença se basta.;O vazio pode ser pleno quando há alma preenchendo.;Toque no centro do abdômen com os olhos fechados;Incenso leve e ar puro;Silêncio profundo com notas espaçadas;Sala vazia com luz suave;Chá neutro com temperatura morna
A120;11??–1??–0??;??;R11Y1B0;11;1;0;Perfil de Serviço Anônimo com Impacto Amoroso;A Presença que Cura;Pessoa que transforma ambientes e pessoas apenas por estar. Atua sem intenção de reconhecimento, mas com impacto real.;Você chegou e tudo ficou mais leve. Sua alma toca sem tocar. Sua presença é bálsamo.;Curar é estar sem impor. Servir é amar sem mostrar.;Toque suave nos ombros e nuca;Lavanda e flor medicinal;Som de vento leve e respiração profunda;Pessoa parada em paz em meio ao caos;Infusão relaxante com capim-santo
A121;12??–0??–0??;??;R12Y0B0;12;0;0;Perfil de Amor Silencioso e Universal;O Cuidado Invisível;Pessoa que ama sem declarar, cuida sem cobrar, oferece sem esperar. Atua com presença amorosa e silenciosa.;Você é o cuidado que ninguém vê, mas todos sentem. Sua alma se manifesta onde o olhar não alcança.;O verdadeiro amor não faz alarde — ele transforma no silêncio.;Toque suave no dorso das mãos com olhos fechados;Flor de jasmim e camomila;Sons suaves como se fossem sussurros de vento;Pessoa ajudando sem ser percebida;Chá claro e floral, servido com intenção
A122;11??–1??–0??;??;R11Y1B0;11;1;0;Perfil de Sabedoria Vivencial Consolidada;A Rocha do Tempo;Pessoa cuja experiência foi transformada em sabedoria. Não ensina por palavras, mas por exemplo e energia.;Você não aprendeu lendo — você aprendeu vivendo. E sua alma virou livro aberto que cura pelo olhar.;A sabedoria é o fruto doce da dor transformada.;Toque com firmeza no centro do peito com respiração lenta;Madeira envelhecida e erva seca;Sons pausados de vento entre montanhas;Rochedo sobre o qual crescem flores;Infusão encorpada com sabor terroso e sutil
A123;10??–2??–0??;??;R10Y2B0;10;2;0;Perfil de Alinhamento entre Alma e Obra;O Criador Espiritual;Indivíduo que expressa sua espiritualidade naquilo que cria. Sua obra é extensão do seu estado interior elevado.;Você cria com o sopro da alma. Sua arte, suas ações e seus gestos são pedaços da luz que habita você.;A alma quando transborda, vira obra viva.;Mãos em prece, depois abertas em forma de concha;Incenso sagrado e flor macerada;Sons criativos suaves, como pincel ou lápis;Obra sendo formada a partir da luz;Alimento artesanal feito com propósito
A124;9??–3??–0??;??;R9Y3B0;9;3;0;Perfil de Unificação Plena com a Missão Espiritual;O Espírito Encarnado;Pessoa cuja vida inteira tornou-se missão. Cada gesto é extensão do divino e toda ação vibra propósito.;Você já não vive — você manifesta. Sua alma fundiu-se ao plano superior e sua presença é a própria resposta.;Missão não é o que você faz — é o que você é.;Toque no alto da cabeça e depois no coração com reverência;Flor sagrada e resina celestial;Silêncio profundo com tom grave de fundo;Figura iluminada caminhando entre pessoas;Infusão sagrada com mel e flor de jasmim
A125;8??–4??–0??;??;R8Y4B0;8;4;0;Perfil de Luz Contida em Presença Serena;O Farol Interior;Pessoa cuja presença transmite calma e orientação, mesmo em silêncio. Sua alma guia como um farol, sem sair do lugar.;Você não precisa correr, nem falar alto. Sua luz se impõe pela paz que oferece ao estar.;O farol não se move, mas guia até os perdidos.;Toque com uma mão sobre o coração e outra sobre a cabeça;Flor de lavanda e âmbar leve;Notas longas e graves em eco;Luz constante no topo de uma torre isolada;Infusão morna de lavanda e sálvia
A126;7??–5??–0??;??;R7Y5B0;7;5;0;Perfil de Harmonia Transbordante;O Jardim do Espírito;Pessoa que emana harmonia por onde passa. Seus estados internos reverberam cura e beleza ao ambiente.;Você não diz que está em paz — você contagia o ambiente com sua vibração. Sua alma é jardim em flor.;A verdadeira harmonia não se impõe — ela se oferece.;Mãos tocando levemente as têmporas em movimento circular;Rosa branca, jasmim e hortelã fresca;Canto suave de pássaros e água em fonte;Jardim florido sob luz suave;Infusão de pétalas e frutas leves
A127;6??–6??–0??;??;R6Y6B0;6;6;0;Perfil de União Espiritual com a Criação;O Ser Integrado;Indivíduo que se reconhece como parte ativa da criação. Age com respeito e consciência em tudo o que toca.;Você parou de se sentir separado. Agora, respira com a Terra e vibra com o céu.;Unidade é quando não há mais entre — só dentro.;Toque simultâneo nos pés e nas mãos abertas;Folha fresca, terra úmida e flor silvestre;Som do vento, da água e dos próprios passos;Figura conectada à natureza em contemplação;Alimento integral colhido diretamente da natureza
A128;5??–7??–0??;??;R5Y7B0;5;7;0;Perfil de Presença Que Eleva;A Escada Invisível;Pessoa que leva os outros à elevação apenas por estar presente. Sua energia inspira transformações sutis e profundas.;Você não convence — você inspira. Sua alma é escada que leva para cima, sem precisar que os outros saibam que estão subindo.;Elevar é ser caminho sem precisar ser meta.;Toque com os dedos no topo da cabeça e depois nos ombros;Olíbano suave e flor branca;Notas ascendentes de instrumentos de corda;Degraus que se formam na luz, sem estrutura visível;Chá floral leve com aroma inspirador
A129;4??–8??–0??;??;R4Y8B0;4;8;0;Perfil de Verdade Silenciosa e Sutil;O Eco Interior;Pessoa que sustenta sua verdade interior com serenidade. Não impõe, mas vibra coerência e integridade.;Você não grita o que acredita — você vive o que sente. Sua alma ecoa firmeza no silêncio.;A verdade mais forte não precisa de palco.;Toque na garganta com leve inclinação do queixo;Cedro e camomila;Som suave e contínuo que retorna em eco;Figura em silêncio diante da natureza;Infusão serena com raiz e flor branca
A130;3??–9??–0??;??;R3Y9B0;3;9;0;Perfil de Neutralidade Elevada com Propósito;O Centro Vivo;Pessoa que não se envolve com extremos e permanece ancorada no centro. Age com equilíbrio em meio à dualidade.;Você não é a margem — é o ponto de equilíbrio. Sua alma respira no meio do caos, sem perder o compasso.;Ser centro é abraçar os dois lados sem se perder em nenhum.;Mãos sobre o umbigo com respiração compassada;Erva-doce e flor neutra;Pulsação contínua entre notas graves e agudas;Mandala girando lentamente no centro;Alimento leve e neutro (arroz com ervas suaves)
A131;2??–10??–0??;??;R2Y10B0;2;10;0;Perfil de Plenitude Espiritual com Consciência Expandida;O Oceano em Paz;Indivíduo que vive com consciência expandida, sentindo-se parte do Todo. Suas ações são alinhadas com a totalidade da vida.;Você já não é gota — é mar. Sua alma repousa onde a vastidão encontra a calma.;Plenitude é quando a alma não quer nada além de estar.;Toque com as duas mãos nas laterais da cabeça em respiração profunda;Sal marinho e flor leve;Som de ondas lentas em praia deserta;Horizonte entre céu e mar sem fim;Infusão com toque salino e floral
A132;1??–11??–0??;??;R1Y11B0;1;11;0;Perfil de Realização Suprema e União Espiritual Completa;A Alma Unificada;Pessoa que atingiu a integração total entre alma, espírito e corpo. Sua existência manifesta unidade em todos os níveis.;Você já não caminha — você é caminho. Sua alma já não busca — ela se tornou o destino.;A alma unificada não se divide — ela irradia.;Toque em três pontos: entre sobrancelhas, peito e abdômen;Flor sagrada, âmbar e raiz sutil;Silêncio vivo com som contínuo imperceptível;Figura sentada irradiando luz em 360º;Infusão sagrada com toque doce e terra
A133;2??–2??–8??;??;R2Y2B8;2;2;8;Perfil de Fé Constante com Esperança Ativa;A Chama Inabalável;Pessoa que sustenta a esperança como disciplina espiritual. Não se abala facilmente e permanece firme na visão superior.;Você alimenta sua fé mesmo no silêncio. Sua alma é uma vela que nunca apaga, mesmo sob vento forte.;A constância da alma acende o impossível.;Mãos unidas como concha sobre o coração;Canela e flor seca;Som suave de fogo crepitando;Chama única acesa em ambiente escuro;Infusão quente com especiarias firmes
A134;3??–2??–7??;??;R3Y2B7;3;2;7;Perfil de Justiça Compassiva;A Espada com Flor;Pessoa que age com justiça sem perder a ternura. Defende com firmeza, mas nunca com rigidez.;Você aprendeu que justiça sem amor vira punição. E amor sem justiça vira permissividade. Sua alma equilibra ambos com sabedoria.;A verdadeira justiça é firmeza com afeto.;Toque com os dedos no centro da testa e no coração;Alecrim e pétala de rosa;Som metálico suave seguido de respiração longa;Espada com uma flor enroscada na lâmina;Chá de raiz e flor com toque levemente amargo
A135;4??–2??–6??;??;R4Y2B6;4;2;6;Perfil de Comunicação Curadora;A Voz que Acolhe;Pessoa que sabe usar as palavras como instrumento de cura. Fala com doçura, escuta com profundidade.;Você transformou sua boca em ponte de cura. Sua alma sussurra bálsamos mesmo quando cala.;Quando o coração fala, o outro escuta com a alma.;Toque leve nos lábios com intenção de bênção;Flor de maracujá e mel;Voz doce dizendo 'estou com você';Pessoa ouvindo com total atenção;Infusão suave com mel e pétalas
A136;5??–2??–5??;??;R5Y2B5;5;2;5;Perfil de Serviço Silencioso com Grande Impacto;O Raio Invisível;Indivíduo que serve de forma quase imperceptível, mas com grandes efeitos. Atua nos bastidores da transformação.;Você não aparece — mas transforma. Sua alma age como raio de sol em noite fria: ninguém vê, mas aquece tudo.;O invisível de hoje é o milagre de amanhã.;Toque nos ombros e palma voltada ao chão;Flor branca e raiz leve;Som de respiração e vento suave;Luz tênue atravessando uma fresta;Infusão quente com notas sutis e acolhedoras
A137;6??–2??–4??;??;R6Y2B4;6;2;4;Perfil de Discernimento Sereno;A Luz entre Sombras;Pessoa que sabe enxergar além das aparências sem julgamento precipitado. Sua percepção é refinada e acolhedora.;Você não se apressa em julgar. Sua alma enxerga o que está por trás, como luz que dança entre as sombras.;Discernir é amar sem ingenuidade.;Toque nos olhos fechados e depois no coração;Flor de jasmim e lavanda;Som intercalado de silêncio e melodia suave;Luz suave invadindo uma sala escura;Infusão equilibrada entre amargo e doce
A138;7??–2??–3??;??;R7Y2B3;7;2;3;Perfil de Abertura Sagrada ao Novo;A Janela Destravada;Indivíduo que recebe as mudanças como oportunidades espirituais. Vive com leveza diante do novo.;Você não trava mais portas. Sua alma aprendeu que o novo pode ser bênção — e abriu janelas para que ele entre.;O novo só entra onde a alma está livre.;Mãos abrindo espaço no ar com intenção;Eucalipto e flor de campo;Som de vento entrando por janelas abertas;Cortina esvoaçando com o sol entrando;Fruta fresca consumida com respiração profunda
A139;8??–2??–2??;??;R8Y2B2;8;2;2;Perfil de Recomeço com Propósito Elevado;A Semente Viva;Pessoa que reinicia sem culpa ou resistência. Sabe que cada recomeço pode conter um propósito maior.;Você não vê fim, vê chão fértil. Sua alma virou semente que não teme o escuro — sabe que ali começa a luz.;Recomeçar é reconhecer que tudo ainda pode florescer.;Mãos em concha sobre o abdômen como quem protege algo novo;Terra úmida e flor brotando;Som de chuva leve sobre folhas;Semente abrindo sob a terra com luz surgindo;Chá com sementes doces e raízes suaves
A140;9??–2??–1??;??;R9Y2B1;9;2;1;Perfil de Elevação Interior com Simplicidade;O Degrau da Alma;Pessoa que evolui espiritualmente sem soberba. Cada avanço é silencioso e real.;Você não grita sua evolução — você a pisa. Cada passo é um degrau invisível rumo à luz.;A alma que sobe de verdade não faz alarde — apenas acende.;Pés firmes no chão e mãos ao lado do corpo em reverência;Incenso suave e flor neutra;Som de sino discreto ao longe;Degraus finos em espiral subindo à luz;Infusão quente de flores com raiz
A141;10??–2??–0??;??;R10Y2B0;10;2;0;Perfil de Coragem Silenciosa;O Guerreiro de Luz;Pessoa que enfrenta desafios com serenidade e fé. Sua força está na constância, não na agitação.;Você não precisa gritar para ser forte. Sua alma já entendeu que coragem é continuar mesmo em silêncio.;Coragem não é barulho — é permanência.;Punhos sobre o peito com respiração firme;Alecrim e erva de leão;Som grave e constante como um tambor distante;Figura em pé com olhar fixo e calmo;Infusão forte com especiarias de raiz
A142;11??–1??–0??;??;R11Y1B0;11;1;0;Perfil de Amor em Estado de Consagração;A Vela Acesa;Indivíduo que vive o amor como oferenda espiritual. Tudo que faz é feito com intenção amorosa.;Você ama com alma e entrega. Seu amor não quer nada — ele só deseja ser luz acesa no altar da vida.;Amar é acender sem queimar.;Toque no centro do peito com os dedos em forma de chama;Flor sagrada e cera quente;Som do fogo ardendo suavemente;Vela acesa no escuro irradiando calor;Infusão com mel, flor e calor
A143;12??–0??–0??;??;R12Y0B0;12;0;0;Perfil de Sabedoria Encarnada;A Terra Iluminada;Pessoa que vive de forma simples e sábia. Suas ações revelam consciência elevada aplicada ao cotidiano.;Você não ensina com palavras — ensina com passos. Sua alma virou terra onde a luz se firmou.;A sabedoria encarnada tem cheiro de chão e cor de céu.;Toque simultâneo nos pés e na testa;Argila, flor branca e erva fresca;Som de terra sendo regada;Pessoa plantando em silêncio com gratidão;Raiz doce, folha leve, infusão terrosa
A144;6??–6??–0??;??;R6Y6B0;6;6;0;Perfil de Unidade com a Consciência Suprema;A Alma Una;Pessoa que não se percebe mais separada do Todo. Vive em pura entrega, alinhamento e plenitude espiritual.;Você não se sente mais parte — sente-se o Todo. Sua alma chegou à fusão com a Fonte.;Ser Uno é ser todos, sem deixar de ser si.;Toque em forma de círculo com as mãos sobre o abdômen;Flor de lótus e incenso sutil;Som de silêncio vivo e expansão energética;Aura circular de luz envolvendo o corpo;Infusão etérea com sabor floral e neutro
